{"round_means": [94.02666666666666, 92.46666666666665, 93.31333333333333], "round_stds": [2.7264669853534302, 0.7484354050654946, 4.236014898725242], "final_summary": {"runs": [98.66, 92.98, 88.3], "mean": 93.31333333333333, "std": 4.236014898725242, "min": 88.3, "max": 98.66}, "all_rounds": [{"round": 1, "mean": 94.0267, "std": 2.7265, "min": 91.75, "max": 97.86}, {"round": 2, "mean": 92.4667, "std": 0.7484, "min": 91.43, "max": 93.17}, {"round": 3, "mean": 93.3133, "std": 4.236, "min": 88.3, "max": 98.66}]}