{"runs": [90.25, 95.23, 98.64], "mean": 94.70666666666666, "std": 3.445135056214133, "min": 90.25, "max": 98.64}